title,,,
RampageMovie,44,1476,201
InfinityWar,128,93,984
Deadpool2,82,1,33
AdriftMovie,207,370,22505
Hereditary,1031,1132,516
Oceans8,304,82,227
MrRogersMovie,4935,63469,36586
Gotti,501,950,3685
TagMovie,1294,390,183
JurassicWorld,39,1,1432
LeaveNoTrace,858,8507,4003
sanju,6001,19106,9781
Sicario,482,54,683
UncleDrew,3392,4905,3763
TheFirstPurge,8035,2580,18525
AntMan,284,16,1416
SorryToBotherYou,965,4,10122
Soorma,20858,10482,29498
EighthGrade,5126,3561,9259
HotelT3,222,482,290
SkyscraperMovie,49,275,10962
Incredibles2,499,69,132
Blindspotting,3610,9996,1762
MammaMia2,663,648,384
TheEqualizer2,171,290,12363
UnfriendedMovie,8575,2252,2939
MissionImpossible,28,32,1032
TeenTitansGOMovie,3822,6956,5236
ChristopherRobin,395,243,1185
nevergoinback,1448,1810,8289
TheSpyWhoDumpedMe,130,206,522
BlacKkKlansman,854,377,2355
The Meg,131,1286,740
SlenderManMovie,63,988,2228
